price,area,bedrooms,bathrooms,stories,mainroad,guestroom,basement,hotwaterheating,airconditioning,parking,prefarea,furnishingstatus,Start Date,End Date
13300000,7420,4,2,3,0,0,0,0,0,2,0,0,2015-07-03,2015-07-12
12250000,8960,4,4,4,0,0,0,0,0,3,1,0,2015-07-04,2015-07-13
12250000,9960,3,2,2,0,0,1,0,1,2,0,1,2015-07-05,2015-07-14
12215000,7500,4,2,2,0,0,1,0,0,3,0,0,2015-07-06,2015-07-15
11410000,7420,4,1,2,0,1,1,0,0,2,1,0,2015-07-07,2015-07-16
10850000,7500,3,3,1,0,0,1,0,0,2,0,1,2015-07-08,2015-07-17
10150000,8580,4,3,4,0,0,0,0,0,2,0,1,2015-07-09,2015-07-18
10150000,16200,5,3,2,0,0,0,0,1,0,1,2,2015-07-10,2015-07-19
9870000,8100,4,1,2,0,1,1,0,0,2,0,0,2015-07-11,2015-07-20
9800000,5750,3,2,4,0,1,0,0,0,1,0,2,2015-07-12,2015-07-21
9800000,13200,3,1,2,0,0,1,0,0,2,0,0,2015-07-13,2015-07-22
9681000,6000,4,3,2,0,1,1,1,1,2,1,1,2015-07-14,2015-07-23
9310000,6550,4,2,2,0,0,0,0,0,1,0,1,2015-07-15,2015-07-24
9240000,3500,4,2,2,0,0,0,1,1,2,1,0,2015-07-16,2015-07-25
9240000,7800,3,2,2,0,0,0,0,1,0,0,1,2015-07-17,2015-07-26
9100000,6000,4,1,2,0,0,1,0,1,2,1,1,2015-07-18,2015-07-27
9100000,6600,4,2,2,0,1,1,0,0,1,0,2,2015-07-19,2015-07-28
8960000,8500,3,2,4,0,0,0,0,0,2,1,0,2015-07-20,2015-07-29
8890000,4600,3,2,2,0,1,0,0,0,2,1,0,2015-07-21,2015-07-30
8855000,6420,3,2,2,0,0,0,0,0,1,0,1,2015-07-22,2015-07-31
8750000,4320,3,1,2,0,0,1,1,1,2,1,1,2015-07-23,2015-08-01
8680000,7155,3,2,1,0,1,1,0,0,2,1,2,2015-07-24,2015-08-02
8645000,8050,3,1,1,0,1,1,0,0,1,1,0,2015-07-25,2015-08-03
8645000,4560,3,2,2,0,1,1,0,0,1,1,0,2015-07-26,2015-08-04
8575000,8800,3,2,2,0,0,0,0,0,2,1,0,2015-07-27,2015-08-05
8540000,6540,4,2,2,0,1,1,0,0,2,0,0,2015-07-28,2015-08-06
8463000,6000,3,2,4,0,1,1,0,0,0,0,1,2015-07-29,2015-08-07
8400000,8875,3,1,1,0,0,0,0,1,1,1,1,2015-07-30,2015-08-08
8400000,7950,5,2,2,0,0,1,1,1,2,1,2,2015-07-31,2015-08-09
8400000,5500,4,2,2,0,0,1,0,0,1,0,1,2015-08-01,2015-08-10
8400000,7475,3,2,4,0,0,0,0,0,2,1,2,2015-08-02,2015-08-11
8400000,7000,3,1,4,0,0,0,0,0,2,1,1,2015-08-03,2015-08-12
8295000,4880,4,2,2,0,0,0,0,0,1,0,0,2015-08-04,2015-08-13
8190000,5960,3,3,2,0,1,1,0,1,1,1,2,2015-08-05,2015-08-14
8120000,6840,5,1,2,0,1,1,0,0,1,1,0,2015-08-06,2015-08-15
8080940,7000,3,2,4,0,0,0,0,0,2,1,0,2015-08-07,2015-08-16
8043000,7482,3,2,3,0,0,0,1,1,1,0,0,2015-08-08,2015-08-17
7980000,9000,4,2,4,0,0,0,0,0,2,1,0,2015-08-09,2015-08-18
7962500,6000,3,1,4,0,1,0,0,0,2,1,2,2015-08-10,2015-08-19
7910000,6000,4,2,4,0,0,0,0,0,1,1,1,2015-08-11,2015-08-20
7875000,6550,3,1,2,0,0,1,0,0,0,0,0,2015-08-12,2015-08-21
7840000,6360,3,2,4,0,0,0,0,0,0,0,0,2015-08-13,2015-08-22
7700000,6480,3,2,4,0,0,0,0,0,2,1,2,2015-08-14,2015-08-23
7700000,6000,4,2,4,0,0,0,0,1,2,1,1,2015-08-15,2015-08-24
7560000,6000,4,2,4,0,0,0,0,0,1,1,0,2015-08-16,2015-08-25
7560000,6000,3,2,3,0,0,0,0,0,0,1,1,2015-08-17,2015-08-26
7525000,6000,3,2,4,0,0,0,0,0,1,1,0,2015-08-18,2015-08-27
7490000,6600,3,1,4,0,0,0,0,0,3,0,0,2015-08-19,2015-08-28
7455000,4300,3,2,2,0,0,1,0,1,1,1,2,2015-08-20,2015-08-29
7420000,7440,3,2,1,0,1,1,0,0,0,0,1,2015-08-21,2015-08-30
7420000,7440,3,2,4,0,0,0,0,1,1,0,2,2015-08-22,2015-08-31
7420000,6325,3,1,4,0,0,0,0,0,1,1,2,2015-08-23,2015-09-01
7350000,6000,4,2,4,0,1,0,0,0,1,1,0,2015-08-24,2015-09-02
7350000,5150,3,2,4,0,0,0,0,0,2,1,1,2015-08-25,2015-09-03
7350000,6000,3,2,2,0,1,0,0,0,1,1,1,2015-08-26,2015-09-04
7350000,6000,3,1,2,0,0,0,0,0,1,1,2,2015-08-27,2015-09-05
7343000,11440,4,1,2,0,0,1,0,1,1,0,1,2015-08-28,2015-09-06
7245000,9000,4,2,4,0,1,0,0,0,1,0,0,2015-08-29,2015-09-07
7210000,7680,4,2,4,0,1,0,0,0,1,1,1,2015-08-30,2015-09-08
7210000,6000,3,2,4,0,1,0,0,0,1,1,0,2015-08-31,2015-09-09
7140000,6000,3,2,2,0,1,0,0,1,1,1,1,2015-09-01,2015-09-10
7070000,8880,2,1,1,0,0,0,0,0,1,1,1,2015-09-02,2015-09-11
7070000,6240,4,2,2,0,0,0,0,0,1,1,0,2015-09-03,2015-09-12
7035000,6360,4,2,3,0,0,0,0,0,2,0,0,2015-09-04,2015-09-13
7000000,11175,3,1,1,0,0,1,0,0,1,0,0,2015-09-05,2015-09-14
6930000,8880,3,2,2,0,0,1,0,0,1,1,0,2015-09-06,2015-09-15
6930000,13200,2,1,1,0,0,1,1,1,1,1,0,2015-09-07,2015-09-16
6895000,7700,3,2,1,0,0,0,0,1,2,1,2,2015-09-08,2015-09-17
6860000,6000,3,1,1,0,0,0,0,0,1,1,0,2015-09-09,2015-09-18
6790000,12090,4,2,2,0,0,0,0,1,2,0,0,2015-09-10,2015-09-19
6790000,4000,3,2,2,0,0,1,0,0,0,0,1,2015-09-11,2015-09-20
6755000,6000,4,2,4,0,0,0,0,0,0,1,2,2015-09-12,2015-09-21
6720000,5020,3,1,4,0,0,0,0,0,0,0,2,2015-09-13,2015-09-22
6685000,6600,2,2,4,0,0,1,0,1,0,0,0,2015-09-14,2015-09-23
6650000,4040,3,1,2,0,0,1,1,1,1,1,0,2015-09-15,2015-09-24
6650000,4260,4,2,2,0,0,0,1,1,0,1,1,2015-09-16,2015-09-25
6650000,6420,3,2,3,0,0,0,0,0,0,0,0,2015-09-17,2015-09-26
6650000,6500,3,2,3,0,0,0,0,0,0,0,0,2015-09-18,2015-09-27
6650000,5700,3,1,1,0,1,1,0,0,2,0,0,2015-09-19,2015-09-28
6650000,6000,3,2,3,0,1,0,0,0,0,1,0,2015-09-20,2015-09-29
6629000,6000,3,1,2,0,0,0,1,1,1,0,1,2015-09-21,2015-09-30
6615000,4000,3,2,2,0,0,1,0,0,1,1,1,2015-09-22,2015-10-01
6615000,10500,3,2,1,0,0,1,0,0,1,0,0,2015-09-23,2015-10-02
6580000,6000,3,2,4,0,0,0,0,0,0,1,1,2015-09-24,2015-10-03
6510000,3760,3,1,2,0,0,0,1,1,2,1,1,2015-09-25,2015-10-04
6510000,8250,3,2,3,0,0,0,0,0,0,1,0,2015-09-26,2015-10-05
6510000,6670,3,1,3,0,0,1,0,1,0,0,2,2015-09-27,2015-10-06
6475000,3960,3,1,1,0,0,1,0,1,2,1,1,2015-09-28,2015-10-07
6475000,7410,3,1,1,0,1,1,0,0,2,0,2,2015-09-29,2015-10-08
6440000,8580,5,3,2,0,0,0,0,1,2,1,0,2015-09-30,2015-10-09
6440000,5000,3,1,2,0,0,0,0,0,0,1,1,2015-10-01,2015-10-10
6419000,6750,2,1,1,0,1,1,0,1,2,0,0,2015-10-02,2015-10-11
6405000,4800,3,2,4,0,1,0,0,0,0,1,0,2015-10-03,2015-10-12
6300000,7200,3,2,1,0,0,1,0,0,3,1,1,2015-10-04,2015-10-13
6300000,6000,4,2,4,0,0,0,0,1,1,1,1,2015-10-05,2015-10-14
6300000,4100,3,2,3,0,0,0,0,0,2,1,1,2015-10-06,2015-10-15
6300000,9000,3,1,1,0,0,1,0,1,1,0,0,2015-10-07,2015-10-16
6300000,6400,3,1,1,0,1,1,0,0,1,0,1,2015-10-08,2015-10-17
6293000,6600,3,2,3,0,0,0,0,0,0,0,2,2015-10-09,2015-10-18
6265000,6000,4,1,3,0,1,1,0,1,0,0,2,2015-10-10,2015-10-19
6230000,6600,3,2,1,0,0,1,0,0,0,0,2,2015-10-11,2015-10-20
6230000,5500,3,1,3,0,0,0,0,1,1,0,2,2015-10-12,2015-10-21
6195000,5500,3,2,4,0,1,0,0,0,1,1,1,2015-10-13,2015-10-22
6195000,6350,3,2,3,0,1,0,0,0,0,1,0,2015-10-14,2015-10-23
6195000,5500,3,2,1,0,1,1,0,1,2,0,0,2015-10-15,2015-10-24
6160000,4500,3,1,4,0,0,0,0,0,0,1,2,2015-10-16,2015-10-25
6160000,5450,4,2,1,0,0,1,0,0,0,0,1,2015-10-17,2015-10-26
6125000,6420,3,1,3,0,0,1,0,1,0,0,2,2015-10-18,2015-10-27
6107500,3240,4,1,3,0,0,0,0,1,1,1,1,2015-10-19,2015-10-28
6090000,6615,4,2,2,0,1,0,1,1,1,1,1,2015-10-20,2015-10-29
6090000,6600,3,1,1,0,1,1,0,1,2,0,1,2015-10-21,2015-10-30
6090000,8372,3,1,3,0,0,0,0,0,2,1,2,2015-10-22,2015-10-31
6083000,4300,6,2,2,0,0,0,0,1,0,1,0,2015-10-23,2015-11-01
6083000,9620,3,1,1,0,0,1,0,1,2,0,0,2015-10-24,2015-11-02
6020000,6800,2,1,1,0,1,1,0,1,2,1,0,2015-10-25,2015-11-03
6020000,8000,3,1,1,0,1,1,0,0,2,0,1,2015-10-26,2015-11-04
6020000,6900,3,2,1,0,1,1,0,1,0,0,2,2015-10-27,2015-11-05
5950000,3700,4,1,2,0,1,0,0,0,0,1,0,2015-10-28,2015-11-06
5950000,6420,3,1,1,0,0,1,0,0,0,0,0,2015-10-29,2015-11-07
5950000,7020,3,1,1,0,0,1,0,0,2,0,1,2015-10-30,2015-11-08
5950000,6540,3,1,1,0,1,1,0,1,2,0,0,2015-10-31,2015-11-09
5950000,7231,3,1,2,0,1,1,0,0,0,0,1,2015-11-01,2015-11-10
5950000,6254,4,2,1,0,0,1,0,1,1,0,1,2015-11-02,2015-11-11
5950000,7320,4,2,2,0,0,0,0,1,0,1,0,2015-11-03,2015-11-12
5950000,6525,3,2,4,0,0,0,0,1,1,1,0,2015-11-04,2015-11-13
5943000,15600,3,1,1,0,0,0,0,0,2,1,1,2015-11-05,2015-11-14
5880000,7160,3,1,1,0,0,1,0,1,2,0,2,2015-11-06,2015-11-15
5880000,6500,3,2,3,0,0,0,0,0,0,1,2,2015-11-07,2015-11-16
5873000,5500,3,1,3,0,1,0,0,0,1,1,0,2015-11-08,2015-11-17
5873000,11460,3,1,3,0,0,0,0,1,2,0,1,2015-11-09,2015-11-18
5866000,4800,3,1,1,0,1,1,0,1,0,1,2,2015-11-10,2015-11-19
5810000,5828,4,1,4,0,1,0,0,1,0,1,1,2015-11-11,2015-11-20
5810000,5200,3,1,3,0,0,0,0,0,0,1,1,2015-11-12,2015-11-21
5810000,4800,3,1,3,0,0,0,0,0,0,1,2,2015-11-13,2015-11-22
5803000,7000,3,1,1,0,0,1,0,1,2,0,1,2015-11-14,2015-11-23
5775000,6000,3,2,4,0,0,0,0,0,0,1,2,2015-11-15,2015-11-24
5740000,5400,4,2,2,0,0,0,0,0,2,1,2,2015-11-16,2015-11-25
5740000,4640,4,1,2,0,0,0,0,1,1,1,1,2015-11-17,2015-11-26
5740000,5000,3,1,3,0,0,0,0,0,0,1,1,2015-11-18,2015-11-27
5740000,6360,3,1,1,0,1,1,0,0,2,0,0,2015-11-19,2015-11-28
5740000,5800,3,2,4,0,0,0,0,0,0,1,2,2015-11-20,2015-11-29
5652500,6660,4,2,2,0,1,1,0,1,1,0,1,2015-11-21,2015-11-30
5600000,10500,4,2,2,0,0,0,0,1,1,1,1,2015-11-22,2015-12-01
5600000,4800,5,2,3,1,0,1,1,1,0,1,2,2015-11-23,2015-12-02
5600000,4700,4,1,2,0,1,1,0,0,1,1,0,2015-11-24,2015-12-03
5600000,5000,3,1,4,0,0,0,0,1,0,1,0,2015-11-25,2015-12-04
5600000,10500,2,1,1,0,0,0,0,1,1,1,1,2015-11-26,2015-12-05
5600000,5500,3,2,2,0,0,0,0,1,1,1,1,2015-11-27,2015-12-06
5600000,6360,3,1,3,0,0,0,0,1,0,0,1,2015-11-28,2015-12-07
5600000,6600,4,2,1,0,0,1,0,1,0,0,1,2015-11-29,2015-12-08
5600000,5136,3,1,2,0,1,1,0,0,0,0,2,2015-11-30,2015-12-09
5565000,4400,4,1,2,0,0,0,0,0,2,0,1,2015-12-01,2015-12-10
5565000,5400,5,1,2,0,1,1,0,0,0,0,0,2015-12-02,2015-12-11
5530000,3300,3,3,2,0,0,1,0,1,0,1,1,2015-12-03,2015-12-12
5530000,3650,3,2,2,0,0,0,0,1,2,1,1,2015-12-04,2015-12-13
5530000,6100,3,2,1,0,0,1,0,1,2,0,0,2015-12-05,2015-12-14
5523000,6900,3,1,1,0,1,1,0,1,0,0,1,2015-12-06,2015-12-15
5495000,2817,4,2,2,1,1,1,0,1,1,1,0,2015-12-07,2015-12-16
5495000,7980,3,1,1,0,0,0,0,1,2,1,1,2015-12-08,2015-12-17
5460000,3150,3,2,1,0,1,1,0,0,0,1,0,2015-12-09,2015-12-18
5460000,6210,4,1,4,0,1,0,0,0,0,1,0,2015-12-10,2015-12-19
5460000,6100,3,1,3,0,1,0,0,0,0,0,1,2015-12-11,2015-12-20
5460000,6600,4,2,2,0,1,1,0,1,0,0,1,2015-12-12,2015-12-21
5425000,6825,3,1,1,0,1,1,0,0,0,0,1,2015-12-13,2015-12-22
5390000,6710,3,2,2,0,1,1,0,1,1,0,0,2015-12-14,2015-12-23
5383000,6450,3,2,1,0,1,1,1,1,0,1,2,2015-12-15,2015-12-24
5320000,7800,3,1,1,0,0,1,0,0,2,0,2,2015-12-16,2015-12-25
5285000,4600,2,2,1,0,0,0,0,0,2,1,1,2015-12-17,2015-12-26
5250000,4260,4,1,2,0,0,1,0,0,0,1,0,2015-12-18,2015-12-27
5250000,6540,4,2,2,1,0,0,0,0,0,1,1,2015-12-19,2015-12-28
5250000,5500,3,2,1,0,0,1,0,1,0,1,1,2015-12-20,2015-12-29
5250000,10269,3,1,1,0,0,0,0,1,1,0,1,2015-12-21,2015-12-30
5250000,8400,3,1,2,0,1,1,0,0,2,0,2,2015-12-22,2015-12-31
5250000,5300,4,2,1,0,0,0,0,0,0,0,2,2015-12-23,2016-01-01
5250000,3800,3,1,2,0,1,1,0,1,1,0,2,2015-12-24,2016-01-02
5250000,9800,4,2,2,0,1,0,0,1,2,1,1,2015-12-25,2016-01-03
5250000,8520,3,1,1,0,0,0,0,0,2,1,0,2015-12-26,2016-01-04
5243000,6050,3,1,1,0,0,1,0,1,0,0,1,2015-12-27,2016-01-05
5229000,7085,3,1,1,0,1,1,0,1,2,0,1,2015-12-28,2016-01-06
5215000,3180,3,2,2,0,0,0,0,1,2,1,1,2015-12-29,2016-01-07
5215000,4500,4,2,1,1,0,1,0,0,2,1,1,2015-12-30,2016-01-08
5215000,7200,3,1,2,0,1,1,0,1,1,0,0,2015-12-31,2016-01-09
5145000,3410,3,1,2,1,0,0,0,0,0,1,1,2016-01-01,2016-01-10
5145000,7980,3,1,1,0,0,0,0,1,1,0,1,2016-01-02,2016-01-11
5110000,3000,3,2,2,0,1,1,0,1,0,1,0,2016-01-03,2016-01-12
5110000,3000,3,1,2,0,0,1,0,1,0,1,2,2016-01-04,2016-01-13
5110000,11410,2,1,2,0,0,0,0,1,0,0,0,2016-01-05,2016-01-14
5110000,6100,3,1,1,0,0,1,0,0,0,0,1,2016-01-06,2016-01-15
5075000,5720,2,1,2,0,0,0,0,0,0,0,2,2016-01-07,2016-01-16
5040000,3540,2,1,1,1,1,1,0,1,0,1,1,2016-01-08,2016-01-17
5040000,7600,4,1,2,0,0,0,0,0,2,1,0,2016-01-09,2016-01-18
5040000,10700,3,1,2,0,1,1,0,1,0,1,1,2016-01-10,2016-01-19
5040000,6600,3,1,1,0,1,1,0,1,0,0,0,2016-01-11,2016-01-20
5033000,4800,2,1,1,0,1,1,0,1,0,1,1,2016-01-12,2016-01-21
5005000,8150,3,2,1,0,1,1,0,1,0,1,1,2016-01-13,2016-01-22
4970000,4410,4,3,2,0,0,1,0,1,2,1,1,2016-01-14,2016-01-23
4970000,7686,3,1,1,0,1,1,1,1,0,1,1,2016-01-15,2016-01-24
4956000,2800,3,2,2,1,0,1,0,0,1,1,1,2016-01-16,2016-01-25
4935000,5948,3,1,2,0,0,0,0,0,0,1,1,2016-01-17,2016-01-26
4907000,4200,3,1,2,0,0,0,0,1,1,1,0,2016-01-18,2016-01-27
4900000,4520,3,1,2,0,0,1,0,0,0,1,1,2016-01-19,2016-01-28
4900000,4095,3,1,2,1,1,1,0,0,0,1,1,2016-01-20,2016-01-29
4900000,4120,2,1,1,0,0,1,0,1,1,1,1,2016-01-21,2016-01-30
4900000,5400,4,1,2,0,0,0,0,1,0,1,1,2016-01-22,2016-01-31
4900000,4770,3,1,1,0,1,1,0,1,0,1,1,2016-01-23,2016-02-01
4900000,6300,3,1,1,0,0,0,0,0,2,1,1,2016-01-24,2016-02-02
4900000,5800,2,1,1,0,1,1,0,0,0,1,1,2016-01-25,2016-02-03
4900000,3000,3,1,2,0,0,1,0,0,0,1,1,2016-01-26,2016-02-04
4900000,2970,3,1,3,0,0,0,0,1,0,1,1,2016-01-27,2016-02-05
4900000,6720,3,1,1,0,0,0,0,1,0,1,2,2016-01-28,2016-02-06
4900000,4646,3,1,2,0,1,1,0,1,2,1,1,2016-01-29,2016-02-07
4900000,12900,3,1,1,0,0,0,0,1,2,1,0,2016-01-30,2016-02-08
4893000,3420,4,2,2,0,0,1,0,0,2,1,1,2016-01-31,2016-02-09
4893000,4995,4,2,1,0,0,1,0,1,0,1,1,2016-02-01,2016-02-10
4865000,4350,2,1,1,0,0,1,0,1,0,1,2,2016-02-02,2016-02-11
4830000,4160,3,1,3,0,0,0,0,1,0,1,2,2016-02-03,2016-02-12
4830000,6040,3,1,1,0,0,0,0,1,2,0,1,2016-02-04,2016-02-13
4830000,6862,3,1,2,0,0,0,0,0,2,0,0,2016-02-05,2016-02-14
4830000,4815,2,1,1,0,0,0,0,0,0,0,1,2016-02-06,2016-02-15
4795000,7000,3,1,2,0,0,1,0,1,0,1,2,2016-02-07,2016-02-16
4795000,8100,4,1,4,0,0,1,0,0,2,1,1,2016-02-08,2016-02-17
4767000,3420,4,2,2,0,0,0,0,1,0,1,1,2016-02-09,2016-02-18
4760000,9166,2,1,1,0,0,1,0,0,2,1,1,2016-02-10,2016-02-19
4760000,6321,3,1,2,0,0,1,0,0,1,1,0,2016-02-11,2016-02-20
4760000,10240,2,1,1,0,0,0,0,0,2,0,2,2016-02-12,2016-02-21
4753000,6440,2,1,1,0,0,0,0,0,3,1,1,2016-02-13,2016-02-22
4690000,5170,3,1,4,0,0,0,0,0,0,1,1,2016-02-14,2016-02-23
4690000,6000,2,1,1,0,0,1,0,0,1,1,0,2016-02-15,2016-02-24
4690000,3630,3,1,2,0,0,0,0,1,2,1,1,2016-02-16,2016-02-25
4690000,9667,4,2,2,0,1,1,0,1,1,1,1,2016-02-17,2016-02-26
4690000,5400,2,1,2,0,0,0,0,1,0,0,1,2016-02-18,2016-02-27
4690000,4320,3,1,1,0,0,0,0,1,0,0,1,2016-02-19,2016-02-28
4655000,3745,3,1,2,0,0,1,0,1,0,1,0,2016-02-20,2016-02-29
4620000,4160,3,1,1,0,1,1,0,0,0,1,2,2016-02-21,2016-03-01
4620000,3880,3,2,2,0,0,1,0,1,2,1,1,2016-02-22,2016-03-02
4620000,5680,3,1,2,0,1,0,0,0,1,1,1,2016-02-23,2016-03-03
4620000,2870,2,1,2,0,1,1,0,1,0,0,1,2016-02-24,2016-03-04
4620000,5010,3,1,2,0,0,1,0,1,0,1,1,2016-02-25,2016-03-05
4613000,4510,4,2,2,0,0,1,0,1,0,1,1,2016-02-26,2016-03-06
4585000,4000,3,1,2,0,0,0,0,1,1,1,0,2016-02-27,2016-03-07
4585000,3840,3,1,2,0,0,0,0,1,1,0,1,2016-02-28,2016-03-08
4550000,3760,3,1,1,0,0,0,0,1,2,1,1,2016-02-29,2016-03-09
4550000,3640,3,1,2,0,0,0,0,0,0,1,0,2016-03-01,2016-03-10
4550000,2550,3,1,2,0,0,1,0,1,0,1,0,2016-03-02,2016-03-11
4550000,5320,3,1,2,0,1,1,0,1,0,0,1,2016-03-03,2016-03-12
4550000,5360,3,1,2,0,0,0,0,1,2,0,2,2016-03-04,2016-03-13
4550000,3520,3,1,1,0,0,0,0,1,0,0,1,2016-03-05,2016-03-14
4550000,8400,4,1,4,0,0,0,0,1,3,1,2,2016-03-06,2016-03-15
4543000,4100,2,2,1,0,1,1,0,1,0,1,1,2016-03-07,2016-03-16
4543000,4990,4,2,2,0,1,1,0,1,0,0,0,2016-03-08,2016-03-17
4515000,3510,3,1,3,0,0,0,0,1,0,1,1,2016-03-09,2016-03-18
4515000,3450,3,1,2,0,0,1,0,1,1,1,1,2016-03-10,2016-03-19
4515000,9860,3,1,1,0,0,0,0,1,0,1,1,2016-03-11,2016-03-20
4515000,3520,2,1,2,0,0,0,0,1,0,0,0,2016-03-12,2016-03-21
4480000,4510,4,1,2,0,0,0,0,0,2,1,1,2016-03-13,2016-03-22
4480000,5885,2,1,1,0,0,0,0,0,1,1,2,2016-03-14,2016-03-23
4480000,4000,3,1,2,0,0,0,0,1,2,1,0,2016-03-15,2016-03-24
4480000,8250,3,1,1,0,0,0,0,1,0,1,0,2016-03-16,2016-03-25
4480000,4040,3,1,2,0,0,0,0,1,1,1,1,2016-03-17,2016-03-26
4473000,6360,2,1,1,0,0,1,0,0,1,1,0,2016-03-18,2016-03-27
4473000,3162,3,1,2,0,0,0,0,0,1,1,0,2016-03-19,2016-03-28
4473000,3510,3,1,2,0,0,0,0,1,0,1,1,2016-03-20,2016-03-29
4445000,3750,2,1,1,0,1,1,0,1,0,1,1,2016-03-21,2016-03-30
4410000,3968,3,1,2,1,0,0,0,1,0,1,1,2016-03-22,2016-03-31
4410000,4900,2,1,2,0,0,1,0,1,0,1,1,2016-03-23,2016-04-01
4403000,2880,3,1,2,0,0,0,0,1,0,0,1,2016-03-24,2016-04-02
4403000,4880,3,1,1,0,0,0,0,1,2,0,2,2016-03-25,2016-04-03
4403000,4920,3,1,2,0,0,0,0,1,1,1,1,2016-03-26,2016-04-04
4382000,4950,4,1,2,0,0,0,0,0,0,1,1,2016-03-27,2016-04-05
4375000,3900,3,1,2,0,0,0,0,1,0,1,2,2016-03-28,2016-04-06
4340000,4500,3,2,3,0,0,0,1,1,1,1,0,2016-03-29,2016-04-07
4340000,1905,5,1,2,1,0,1,0,1,0,1,1,2016-03-30,2016-04-08
4340000,4075,3,1,1,0,1,1,0,1,2,1,1,2016-03-31,2016-04-09
4340000,3500,4,1,2,0,0,0,0,1,2,1,0,2016-04-01,2016-04-10
4340000,6450,4,1,2,0,0,0,0,1,0,1,1,2016-04-02,2016-04-11
4319000,4032,2,1,1,0,0,1,0,1,0,1,0,2016-04-03,2016-04-12
4305000,4400,2,1,1,0,0,0,0,1,1,1,1,2016-04-04,2016-04-13
4305000,10360,2,1,1,0,0,0,0,1,1,0,1,2016-04-05,2016-04-14
4277000,3400,3,1,2,0,0,1,0,1,2,0,1,2016-04-06,2016-04-15
4270000,6360,2,1,1,0,0,0,0,1,0,1,0,2016-04-07,2016-04-16
4270000,6360,2,1,2,0,0,0,0,1,0,1,2,2016-04-08,2016-04-17
4270000,4500,2,1,1,0,0,0,0,0,2,1,0,2016-04-09,2016-04-18
4270000,2175,3,1,2,1,1,1,0,0,0,1,2,2016-04-10,2016-04-19
4270000,4360,4,1,2,0,0,0,0,1,0,1,0,2016-04-11,2016-04-20
4270000,7770,2,1,1,0,0,0,0,1,1,1,0,2016-04-12,2016-04-21
4235000,6650,3,1,2,0,1,0,0,1,0,1,1,2016-04-13,2016-04-22
4235000,2787,3,1,1,0,0,1,0,1,0,0,0,2016-04-14,2016-04-23
4200000,5500,3,1,2,0,0,0,0,0,0,1,2,2016-04-15,2016-04-24
4200000,5040,3,1,2,0,0,1,0,0,0,1,2,2016-04-16,2016-04-25
4200000,5850,2,1,1,0,1,1,0,1,2,1,1,2016-04-17,2016-04-26
4200000,2610,4,3,2,1,0,0,0,1,0,1,1,2016-04-18,2016-04-27
4200000,2953,3,1,2,0,0,1,0,0,0,1,2,2016-04-19,2016-04-28
4200000,2747,4,2,2,1,0,0,0,1,0,1,1,2016-04-20,2016-04-29
4200000,4410,2,1,1,1,0,0,0,1,1,1,2,2016-04-21,2016-04-30
4200000,4000,4,2,2,1,0,0,0,1,0,1,1,2016-04-22,2016-05-01
4200000,2325,3,1,2,1,0,0,0,1,0,1,1,2016-04-23,2016-05-02
4200000,4600,3,2,2,0,0,0,0,0,1,1,1,2016-04-24,2016-05-03
4200000,3640,3,2,2,0,0,1,0,1,0,1,2,2016-04-25,2016-05-04
4200000,5800,3,1,1,0,0,0,1,1,2,1,1,2016-04-26,2016-05-05
4200000,7000,3,1,1,0,0,0,0,1,3,1,0,2016-04-27,2016-05-06
4200000,4079,3,1,3,0,0,0,0,1,0,1,1,2016-04-28,2016-05-07
4200000,3520,3,1,2,0,0,0,0,1,0,0,1,2016-04-29,2016-05-08
4200000,2145,3,1,3,0,0,0,0,1,1,0,2,2016-04-30,2016-05-09
4200000,4500,3,1,1,0,0,1,0,1,0,1,0,2016-05-01,2016-05-10
4193000,8250,3,1,1,0,0,1,0,1,3,1,1,2016-05-02,2016-05-11
4193000,3450,3,1,2,0,0,0,0,1,1,1,1,2016-05-03,2016-05-12
4165000,4840,3,1,2,0,0,0,0,1,1,1,1,2016-05-04,2016-05-13
4165000,4080,3,1,2,0,0,0,0,1,2,1,1,2016-05-05,2016-05-14
4165000,4046,3,1,2,0,0,1,0,1,1,1,1,2016-05-06,2016-05-15
4130000,4632,4,1,2,0,0,0,0,0,0,1,1,2016-05-07,2016-05-16
4130000,5985,3,1,1,0,0,1,0,1,0,1,1,2016-05-08,2016-05-17
4123000,6060,2,1,1,0,0,1,0,1,1,1,1,2016-05-09,2016-05-18
4098500,3600,3,1,1,0,0,1,0,0,0,0,0,2016-05-10,2016-05-19
4095000,3680,3,2,2,0,0,0,0,1,0,1,1,2016-05-11,2016-05-20
4095000,4040,2,1,2,0,0,0,0,1,1,1,1,2016-05-12,2016-05-21
4095000,5600,2,1,1,0,0,0,0,0,0,1,1,2016-05-13,2016-05-22
4060000,5900,4,2,2,1,0,1,0,1,1,1,2,2016-05-14,2016-05-23
4060000,4992,3,2,2,0,0,0,0,1,2,1,2,2016-05-15,2016-05-24
4060000,4340,3,1,1,0,0,0,0,1,0,1,1,2016-05-16,2016-05-25
4060000,3000,4,1,3,0,0,1,0,0,2,1,1,2016-05-17,2016-05-26
4060000,4320,3,1,2,0,0,0,0,1,2,0,0,2016-05-18,2016-05-27
4025000,3630,3,2,2,0,0,0,1,1,2,1,1,2016-05-19,2016-05-28
4025000,3460,3,2,1,0,0,1,0,0,1,1,0,2016-05-20,2016-05-29
4025000,5400,3,1,1,0,0,0,0,1,3,1,1,2016-05-21,2016-05-30
4007500,4500,3,1,2,1,0,1,0,0,0,1,1,2016-05-22,2016-05-31
4007500,3460,4,1,2,0,0,0,0,0,0,1,1,2016-05-23,2016-06-01
3990000,4100,4,1,1,1,0,1,0,1,0,1,2,2016-05-24,2016-06-02
3990000,6480,3,1,2,1,0,0,0,0,1,1,1,2016-05-25,2016-06-03
3990000,4500,3,2,2,1,0,1,0,0,0,1,1,2016-05-26,2016-06-04
3990000,3960,3,1,2,0,0,0,0,1,0,1,0,2016-05-27,2016-06-05
3990000,4050,2,1,2,0,1,1,0,1,0,0,2,2016-05-28,2016-06-06
3920000,7260,3,2,1,0,1,1,0,1,3,1,0,2016-05-29,2016-06-07
3920000,5500,4,1,2,0,1,1,0,1,0,1,1,2016-05-30,2016-06-08
3920000,3000,3,1,2,0,0,0,0,1,0,1,1,2016-05-31,2016-06-09
3920000,3290,2,1,1,0,0,0,1,1,1,1,0,2016-06-01,2016-06-10
3920000,3816,2,1,1,0,0,1,0,0,2,1,0,2016-06-02,2016-06-11
3920000,8080,3,1,1,0,0,0,0,0,2,1,1,2016-06-03,2016-06-12
3920000,2145,4,2,1,0,0,1,0,1,0,0,2,2016-06-04,2016-06-13
3885000,3780,2,1,2,0,1,1,0,1,0,1,1,2016-06-05,2016-06-14
3885000,3180,4,2,2,0,0,0,0,1,0,1,0,2016-06-06,2016-06-15
3850000,5300,5,2,2,0,0,0,0,1,0,1,1,2016-06-07,2016-06-16
3850000,3180,2,2,1,0,0,1,0,1,2,1,1,2016-06-08,2016-06-17
3850000,7152,3,1,2,0,0,0,0,0,0,1,0,2016-06-09,2016-06-18
3850000,4080,2,1,1,0,0,0,0,1,0,1,1,2016-06-10,2016-06-19
3850000,3850,2,1,1,0,0,0,0,1,0,1,1,2016-06-11,2016-06-20
3850000,2015,3,1,2,0,0,1,0,1,0,0,1,2016-06-12,2016-06-21
3850000,2176,2,1,2,0,1,0,0,1,0,0,1,2016-06-13,2016-06-22
3836000,3350,3,1,2,0,0,0,0,1,0,1,2,2016-06-14,2016-06-23
3815000,3150,2,2,1,1,0,1,0,1,0,1,1,2016-06-15,2016-06-24
3780000,4820,3,1,2,0,0,0,0,1,0,1,1,2016-06-16,2016-06-25
3780000,3420,2,1,2,0,0,0,1,1,1,1,1,2016-06-17,2016-06-26
3780000,3600,2,1,1,0,0,0,0,1,0,1,1,2016-06-18,2016-06-27
3780000,5830,2,1,1,0,0,0,0,1,2,1,2,2016-06-19,2016-06-28
3780000,2856,3,1,3,0,0,0,0,1,0,0,0,2016-06-20,2016-06-29
3780000,8400,2,1,1,0,0,0,0,1,1,1,0,2016-06-21,2016-06-30
3773000,8250,3,1,1,0,0,0,0,1,2,1,0,2016-06-22,2016-07-01
3773000,2520,5,2,1,1,0,1,0,0,1,1,0,2016-06-23,2016-07-02
3773000,6930,4,1,2,1,0,0,0,1,1,1,0,2016-06-24,2016-07-03
3745000,3480,2,1,1,0,0,0,0,1,0,0,1,2016-06-25,2016-07-04
3710000,3600,3,1,1,0,0,0,0,1,1,1,2,2016-06-26,2016-07-05
3710000,4040,2,1,1,0,0,0,0,1,0,1,1,2016-06-27,2016-07-06
3710000,6020,3,1,1,0,0,0,0,1,0,1,1,2016-06-28,2016-07-07
3710000,4050,2,1,1,0,0,0,0,1,0,1,0,2016-06-29,2016-07-08
3710000,3584,2,1,1,0,0,0,1,1,0,1,1,2016-06-30,2016-07-09
3703000,3120,3,1,2,1,0,1,1,1,0,1,1,2016-07-01,2016-07-10
3703000,5450,2,1,1,0,0,0,0,1,0,1,0,2016-07-02,2016-07-11
3675000,3630,2,1,1,0,0,1,0,1,0,1,0,2016-07-03,2016-07-12
3675000,3630,2,1,1,0,0,0,0,0,0,1,2,2016-07-04,2016-07-13
3675000,5640,2,1,1,1,0,0,0,1,0,1,1,2016-07-05,2016-07-14
3675000,3600,2,1,1,0,0,0,0,1,0,1,0,2016-07-06,2016-07-15
3640000,4280,2,1,1,0,0,0,0,0,2,1,1,2016-07-07,2016-07-16
3640000,3570,3,1,2,0,0,1,0,1,0,1,1,2016-07-08,2016-07-17
3640000,3180,3,1,2,1,0,1,0,1,0,1,1,2016-07-09,2016-07-18
3640000,3000,2,1,2,0,0,0,0,0,0,1,0,2016-07-10,2016-07-19
3640000,3520,2,2,1,0,0,1,0,1,0,1,1,2016-07-11,2016-07-20
3640000,5960,3,1,2,0,1,1,0,1,0,1,2,2016-07-12,2016-07-21
3640000,4130,3,2,2,0,0,0,0,1,2,1,1,2016-07-13,2016-07-22
3640000,2850,3,2,2,1,0,1,0,1,0,0,2,2016-07-14,2016-07-23
3640000,2275,3,1,3,0,0,0,1,0,0,0,1,2016-07-15,2016-07-24
3633000,3520,3,1,1,0,0,0,0,1,2,0,2,2016-07-16,2016-07-25
3605000,4500,2,1,1,0,0,0,0,1,0,1,1,2016-07-17,2016-07-26
3605000,4000,2,1,1,0,0,0,0,1,0,0,1,2016-07-18,2016-07-27
3570000,3150,3,1,2,0,0,1,0,1,0,1,0,2016-07-19,2016-07-28
3570000,4500,4,2,2,0,0,1,0,1,2,1,0,2016-07-20,2016-07-29
3570000,4500,2,1,1,1,0,0,0,1,0,1,0,2016-07-21,2016-07-30
3570000,3640,2,1,1,0,0,0,0,1,0,1,2,2016-07-22,2016-07-31
3535000,3850,3,1,1,0,0,0,0,1,2,1,2,2016-07-23,2016-08-01
3500000,4240,3,1,2,0,0,0,0,0,0,1,1,2016-07-24,2016-08-02
3500000,3650,3,1,2,0,0,0,0,1,0,1,2,2016-07-25,2016-08-03
3500000,4600,4,1,2,0,0,0,0,1,0,1,1,2016-07-26,2016-08-04
3500000,2135,3,2,2,1,0,0,0,1,0,1,2,2016-07-27,2016-08-05
3500000,3036,3,1,2,0,0,1,0,1,0,1,1,2016-07-28,2016-08-06
3500000,3990,3,1,2,0,0,0,0,1,0,1,1,2016-07-29,2016-08-07
3500000,7424,3,1,1,1,0,0,0,1,0,1,2,2016-07-30,2016-08-08
3500000,3480,3,1,1,1,0,0,0,0,0,1,2,2016-07-31,2016-08-09
3500000,3600,6,1,2,0,0,0,0,1,1,1,2,2016-08-01,2016-08-10
3500000,3640,2,1,1,0,0,0,0,1,1,1,1,2016-08-02,2016-08-11
3500000,5900,2,1,1,0,0,0,0,1,1,1,0,2016-08-03,2016-08-12
3500000,3120,3,1,2,0,0,0,0,1,1,1,2,2016-08-04,2016-08-13
3500000,7350,2,1,1,0,0,0,0,1,1,1,1,2016-08-05,2016-08-14
3500000,3512,2,1,1,0,0,0,0,1,1,0,2,2016-08-06,2016-08-15
3500000,9500,3,1,2,0,0,0,0,1,3,0,2,2016-08-07,2016-08-16
3500000,5880,2,1,1,0,0,0,0,1,0,1,2,2016-08-08,2016-08-17
3500000,12944,3,1,1,0,0,0,0,1,0,1,2,2016-08-09,2016-08-18
3493000,4900,3,1,2,1,0,0,0,1,0,1,2,2016-08-10,2016-08-19
3465000,3060,3,1,1,0,0,0,0,1,0,1,2,2016-08-11,2016-08-20
3465000,5320,2,1,1,0,0,0,0,1,1,0,2,2016-08-12,2016-08-21
3465000,2145,3,1,3,0,0,0,0,1,0,0,0,2016-08-13,2016-08-22
3430000,4000,2,1,1,0,0,0,0,1,0,1,2,2016-08-14,2016-08-23
3430000,3185,2,1,1,0,0,0,0,1,2,1,2,2016-08-15,2016-08-24
3430000,3850,3,1,1,0,0,0,0,1,0,1,2,2016-08-16,2016-08-25
3430000,2145,3,1,3,0,0,0,0,1,0,0,0,2016-08-17,2016-08-26
3430000,2610,3,1,2,0,0,1,0,1,0,0,2,2016-08-18,2016-08-27
3430000,1950,3,2,2,0,0,1,0,1,0,0,2,2016-08-19,2016-08-28
3423000,4040,2,1,1,0,0,0,0,1,0,1,2,2016-08-20,2016-08-29
3395000,4785,3,1,2,0,1,1,0,0,1,1,0,2016-08-21,2016-08-30
3395000,3450,3,1,1,0,0,1,0,1,2,1,2,2016-08-22,2016-08-31
3395000,3640,2,1,1,0,0,0,0,1,0,1,0,2016-08-23,2016-09-01
3360000,3500,4,1,2,0,0,0,0,0,2,1,2,2016-08-24,2016-09-02
3360000,4960,4,1,3,1,0,0,0,1,0,1,1,2016-08-25,2016-09-03
3360000,4120,2,1,2,0,0,0,0,1,0,1,2,2016-08-26,2016-09-04
3360000,4750,2,1,1,0,0,0,0,1,0,1,2,2016-08-27,2016-09-05
3360000,3720,2,1,1,1,0,0,0,0,0,1,2,2016-08-28,2016-09-06
3360000,3750,3,1,1,0,0,0,0,1,0,1,2,2016-08-29,2016-09-07
3360000,3100,3,1,2,1,0,1,0,1,0,1,1,2016-08-30,2016-09-08
3360000,3185,2,1,1,0,0,1,0,1,2,1,0,2016-08-31,2016-09-09
3353000,2700,3,1,1,1,0,0,0,1,0,1,0,2016-09-01,2016-09-10
3332000,2145,3,1,2,0,0,1,0,1,0,0,0,2016-09-02,2016-09-11
3325000,4040,2,1,1,0,0,0,0,1,1,1,2,2016-09-03,2016-09-12
3325000,4775,4,1,2,0,0,0,0,1,0,1,2,2016-09-04,2016-09-13
3290000,2500,2,1,1,1,0,0,0,0,0,1,2,2016-09-05,2016-09-14
3290000,3180,4,1,2,0,0,1,0,0,0,1,2,2016-09-06,2016-09-15
3290000,6060,3,1,1,0,1,1,0,1,0,1,0,2016-09-07,2016-09-16
3290000,3480,4,1,2,1,0,0,0,1,1,1,1,2016-09-08,2016-09-17
3290000,3792,4,1,2,0,0,0,0,1,0,1,1,2016-09-09,2016-09-18
3290000,4040,2,1,1,0,0,0,0,1,0,1,2,2016-09-10,2016-09-19
3290000,2145,3,1,2,0,0,1,0,1,0,0,0,2016-09-11,2016-09-20
3290000,5880,3,1,1,0,0,0,0,1,1,1,2,2016-09-12,2016-09-21
3255000,4500,2,1,1,1,0,0,0,1,0,1,1,2016-09-13,2016-09-22
3255000,3930,2,1,1,1,0,0,0,1,0,1,2,2016-09-14,2016-09-23
3234000,3640,4,1,2,0,0,1,0,1,0,1,2,2016-09-15,2016-09-24
3220000,4370,3,1,2,0,0,0,0,1,0,1,2,2016-09-16,2016-09-25
3220000,2684,2,1,1,0,0,0,0,0,1,1,2,2016-09-17,2016-09-26
3220000,4320,3,1,1,1,0,0,0,1,1,1,2,2016-09-18,2016-09-27
3220000,3120,3,1,2,1,0,0,0,1,0,1,0,2016-09-19,2016-09-28
3150000,3450,1,1,1,0,0,0,0,1,0,1,0,2016-09-20,2016-09-29
3150000,3986,2,2,1,1,1,1,0,1,1,1,2,2016-09-21,2016-09-30
3150000,3500,2,1,1,1,0,1,0,1,0,1,1,2016-09-22,2016-10-01
3150000,4095,2,1,1,0,0,0,0,1,2,1,1,2016-09-23,2016-10-02
3150000,1650,3,1,2,1,0,1,0,1,0,1,2,2016-09-24,2016-10-03
3150000,3450,3,1,2,0,0,1,0,1,0,1,1,2016-09-25,2016-10-04
3150000,6750,2,1,1,0,0,0,0,1,0,1,1,2016-09-26,2016-10-05
3150000,9000,3,1,2,0,0,0,0,1,2,1,1,2016-09-27,2016-10-06
3150000,3069,2,1,1,0,0,0,0,1,1,1,2,2016-09-28,2016-10-07
3143000,4500,3,1,2,0,0,0,0,0,0,1,2,2016-09-29,2016-10-08
3129000,5495,3,1,1,0,0,1,0,1,0,1,2,2016-09-30,2016-10-09
3118850,2398,3,1,1,0,0,0,0,1,0,0,1,2016-10-01,2016-10-10
3115000,3000,3,1,1,1,0,0,0,0,0,1,2,2016-10-02,2016-10-11
3115000,3850,3,1,2,0,0,0,0,1,0,1,2,2016-10-03,2016-10-12
3115000,3500,2,1,1,0,0,0,0,1,0,1,2,2016-10-04,2016-10-13
3087000,8100,2,1,1,0,0,0,0,1,1,1,2,2016-10-05,2016-10-14
3080000,4960,2,1,1,0,0,1,0,0,0,1,2,2016-10-06,2016-10-15
3080000,2160,3,1,2,1,0,1,0,1,0,1,1,2016-10-07,2016-10-16
3080000,3090,2,1,1,0,1,1,0,1,0,1,2,2016-10-08,2016-10-17
3080000,4500,2,1,2,0,0,0,1,1,1,1,1,2016-10-09,2016-10-18
3045000,3800,2,1,1,0,0,0,0,1,0,1,2,2016-10-10,2016-10-19
3010000,3090,3,1,2,1,0,0,0,1,0,1,1,2016-10-11,2016-10-20
3010000,3240,3,1,2,0,0,0,0,1,2,1,1,2016-10-12,2016-10-21
3010000,2835,2,1,1,0,0,0,0,1,0,1,1,2016-10-13,2016-10-22
3010000,4600,2,1,1,0,0,0,0,1,0,1,0,2016-10-14,2016-10-23
3010000,5076,3,1,1,1,0,0,0,1,0,1,2,2016-10-15,2016-10-24
3010000,3750,3,1,2,0,0,0,0,1,0,1,2,2016-10-16,2016-10-25
3010000,3630,4,1,2,0,0,0,0,1,3,1,1,2016-10-17,2016-10-26
3003000,8050,2,1,1,0,0,0,0,1,0,1,2,2016-10-18,2016-10-27
2975000,4352,4,1,2,1,0,0,0,1,1,1,2,2016-10-19,2016-10-28
2961000,3000,2,1,2,0,0,0,0,1,0,1,1,2016-10-20,2016-10-29
2940000,5850,3,1,2,0,0,1,0,1,1,1,2,2016-10-21,2016-10-30
2940000,4960,2,1,1,0,0,0,0,1,0,1,2,2016-10-22,2016-10-31
2940000,3600,3,1,2,1,0,0,0,1,1,1,2,2016-10-23,2016-11-01
2940000,3660,4,1,2,1,0,0,0,1,0,1,2,2016-10-24,2016-11-02
2940000,3480,3,1,2,1,0,0,0,1,1,1,1,2016-10-25,2016-11-03
2940000,2700,2,1,1,1,0,0,0,1,0,1,0,2016-10-26,2016-11-04
2940000,3150,3,1,2,1,0,0,0,1,0,1,2,2016-10-27,2016-11-05
2940000,6615,3,1,2,0,0,0,0,1,0,1,1,2016-10-28,2016-11-06
2870000,3040,2,1,1,1,0,0,0,1,0,1,2,2016-10-29,2016-11-07
2870000,3630,2,1,1,0,0,0,0,1,0,1,2,2016-10-30,2016-11-08
2870000,6000,2,1,1,0,0,0,0,1,0,1,1,2016-10-31,2016-11-09
2870000,5400,4,1,2,0,0,0,0,1,0,1,2,2016-11-01,2016-11-10
2852500,5200,4,1,3,0,0,0,0,1,0,1,2,2016-11-02,2016-11-11
2835000,3300,3,1,2,1,0,0,0,1,1,1,1,2016-11-03,2016-11-12
2835000,4350,3,1,2,1,0,0,1,1,1,1,2,2016-11-04,2016-11-13
2835000,2640,2,1,1,1,0,0,0,1,1,1,0,2016-11-05,2016-11-14
2800000,2650,3,1,2,0,0,1,0,1,1,1,2,2016-11-06,2016-11-15
2800000,3960,3,1,1,0,0,0,0,1,0,1,0,2016-11-07,2016-11-16
2730000,6800,2,1,1,0,0,0,0,1,0,1,2,2016-11-08,2016-11-17
2730000,4000,3,1,2,0,0,0,0,1,1,1,2,2016-11-09,2016-11-18
2695000,4000,2,1,1,0,0,0,0,1,0,1,2,2016-11-10,2016-11-19
2660000,3934,2,1,1,0,0,0,0,1,0,1,2,2016-11-11,2016-11-20
2660000,2000,2,1,2,0,0,0,0,1,0,1,1,2016-11-12,2016-11-21
2660000,3630,3,3,2,1,1,0,0,1,0,1,2,2016-11-13,2016-11-22
2660000,2800,3,1,1,0,0,0,0,1,0,1,2,2016-11-14,2016-11-23
2660000,2430,3,1,1,1,0,0,0,1,0,1,2,2016-11-15,2016-11-24
2660000,3480,2,1,1,0,0,0,0,1,1,1,1,2016-11-16,2016-11-25
2660000,4000,3,1,1,0,0,0,0,1,0,1,1,2016-11-17,2016-11-26
2653000,3185,2,1,1,0,0,0,0,0,0,1,2,2016-11-18,2016-11-27
2653000,4000,3,1,2,0,0,0,0,0,0,1,2,2016-11-19,2016-11-28
2604000,2910,2,1,1,1,0,0,0,1,0,1,2,2016-11-20,2016-11-29
2590000,3600,2,1,1,0,0,0,0,1,0,1,2,2016-11-21,2016-11-30
2590000,4400,2,1,1,0,0,0,0,1,0,1,2,2016-11-22,2016-12-01
2590000,3600,2,2,2,0,0,1,0,1,1,1,0,2016-11-23,2016-12-02
2520000,2880,3,1,1,1,0,0,0,1,0,1,2,2016-11-24,2016-12-03
2520000,3180,3,1,1,1,0,0,0,1,0,1,2,2016-11-25,2016-12-04
2520000,3000,2,1,2,0,0,0,0,1,0,1,0,2016-11-26,2016-12-05
2485000,4400,3,1,2,0,0,0,0,1,0,1,2,2016-11-27,2016-12-06
2485000,3000,3,1,2,1,0,0,0,1,0,1,1,2016-11-28,2016-12-07
2450000,3210,3,1,2,0,0,1,0,1,0,1,2,2016-11-29,2016-12-08
2450000,3240,2,1,1,1,1,0,0,1,1,1,2,2016-11-30,2016-12-09
2450000,3000,2,1,1,0,0,0,0,1,1,1,2,2016-12-01,2016-12-10
2450000,3500,2,1,1,0,1,0,0,1,0,1,2,2016-12-02,2016-12-11
2450000,4840,2,1,2,0,0,0,0,1,0,1,2,2016-12-03,2016-12-12
2450000,7700,2,1,1,0,0,0,0,1,0,1,2,2016-12-04,2016-12-13
2408000,3635,2,1,1,1,0,0,0,1,0,1,2,2016-12-05,2016-12-14
2380000,2475,3,1,2,0,0,0,0,1,0,1,0,2016-12-06,2016-12-15
2380000,2787,4,2,2,0,0,0,0,1,0,1,0,2016-12-07,2016-12-16
2380000,3264,2,1,1,0,0,0,0,1,0,1,2,2016-12-08,2016-12-17
2345000,3640,2,1,1,0,0,0,0,1,0,1,2,2016-12-09,2016-12-18
2310000,3180,2,1,1,0,0,0,0,1,0,1,2,2016-12-10,2016-12-19
2275000,1836,2,1,1,1,0,1,0,1,0,1,1,2016-12-11,2016-12-20
2275000,3970,1,1,1,1,0,0,0,1,0,1,2,2016-12-12,2016-12-21
2275000,3970,3,1,2,0,0,1,0,1,0,1,2,2016-12-13,2016-12-22
2240000,1950,3,1,1,1,0,0,1,1,0,1,2,2016-12-14,2016-12-23
2233000,5300,3,1,1,1,0,0,0,0,0,0,2,2016-12-15,2016-12-24
2135000,3000,2,1,1,1,0,0,0,1,0,1,2,2016-12-16,2016-12-25
2100000,2400,3,1,2,0,0,0,0,1,0,1,2,2016-12-17,2016-12-26
2100000,3000,4,1,2,0,0,0,0,1,0,1,2,2016-12-18,2016-12-27
2100000,3360,2,1,1,0,0,0,0,1,1,1,2,2016-12-19,2016-12-28
1960000,3420,5,1,2,1,0,0,0,1,0,1,2,2016-12-20,2016-12-29
1890000,1700,3,1,2,0,0,0,0,1,0,1,2,2016-12-21,2016-12-30
1890000,3649,2,1,1,0,0,0,0,1,0,1,2,2016-12-22,2016-12-31
1855000,2990,2,1,1,1,0,0,0,1,1,1,2,2016-12-23,2017-01-01
1820000,3000,2,1,1,0,0,1,0,1,2,1,2,2016-12-24,2017-01-02
1767150,2400,3,1,1,1,0,0,0,1,0,1,1,2016-12-25,2017-01-03
1750000,3620,2,1,1,0,0,0,0,1,0,1,2,2016-12-26,2017-01-04
1750000,2910,3,1,1,1,0,0,0,1,0,1,0,2016-12-27,2017-01-05
1750000,3850,3,1,2,0,0,0,0,1,0,1,2,2016-12-28,2017-01-06
